<?xml version="1.0" encoding="UTF-8"?><module codename="com.datazuul.eazy.bookscanner.core">
    <module_version install_time="1608579824799" last="true" origin="installer" specification_version="0.1.0">
        <file crc="4021070051" name="config/Modules/com-datazuul-eazy-bookscanner-core.xml"/>
        <file crc="2132936848" name="modules/com-datazuul-eazy-bookscanner-core.jar"/>
        <file crc="2796328463" name="modules/ext/com.datazuul.eazy-bookscanner-core/com-neuronrobotics/CHDK-PTP-Java.jar"/>
        <file crc="3083064478" name="modules/ext/com.datazuul.eazy-bookscanner-core/javax-annotation/javax.annotation-api.jar"/>
        <file crc="3398820663" name="modules/ext/com.datazuul.eazy-bookscanner-core/javax-usb/usb-api.jar"/>
        <file crc="2411818995" name="modules/ext/com.datazuul.eazy-bookscanner-core/org-apache-commons/commons-lang3.jar"/>
        <file crc="2175593662" name="modules/ext/com.datazuul.eazy-bookscanner-core/org-imgscalr/imgscalr-lib.jar"/>
        <file crc="2809033539" name="modules/ext/com.datazuul.eazy-bookscanner-core/org-usb4java/libusb4java-darwin-x86-64.jar"/>
        <file crc="2484794573" name="modules/ext/com.datazuul.eazy-bookscanner-core/org-usb4java/libusb4java-linux-aarch64.jar"/>
        <file crc="766811307" name="modules/ext/com.datazuul.eazy-bookscanner-core/org-usb4java/libusb4java-linux-arm.jar"/>
        <file crc="3147643808" name="modules/ext/com.datazuul.eazy-bookscanner-core/org-usb4java/libusb4java-linux-x86-64.jar"/>
        <file crc="4067293495" name="modules/ext/com.datazuul.eazy-bookscanner-core/org-usb4java/libusb4java-linux-x86.jar"/>
        <file crc="3215234089" name="modules/ext/com.datazuul.eazy-bookscanner-core/org-usb4java/libusb4java-win32-x86-64.jar"/>
        <file crc="4183687861" name="modules/ext/com.datazuul.eazy-bookscanner-core/org-usb4java/libusb4java-win32-x86.jar"/>
        <file crc="830770419" name="modules/ext/com.datazuul.eazy-bookscanner-core/org-usb4java/usb4java-javax.jar"/>
        <file crc="219273017" name="modules/ext/com.datazuul.eazy-bookscanner-core/org-usb4java/usb4java.jar"/>
    </module_version>
</module>
